Type,Name,Request Count,Failure Count,Median Response Time,Average Response Time,Min Response Time,Max Response Time,Average Content Size,Requests/s,Failures/s,50%,66%,75%,80%,90%,95%,98%,99%,99.9%,99.99%,100%
POST,long-rag,9,0,29000,26589.073444999587,7937.616351002362,41912.79605800082,1286.3333333333333,0.12226173015157908,0.0,29000,31000,38000,38000,42000,42000,42000,42000,42000,42000,42000
POST,short,53,0,21000,24065.91582862344,3067.169907000789,51577.60588500241,995.6037735849056,0.7199857442259657,0.0,21000,32000,39000,42000,45000,48000,48000,52000,52000,52000,52000
,Aggregated,62,0,21000,24432.18064390384,3067.169907000789,51577.60588500241,1037.8064516129032,0.8422474743775448,0.0,22000,32000,38000,40000,44000,46000,48000,52000,52000,52000,52000
