Type,Name,Request Count,Failure Count,Median Response Time,Average Response Time,Min Response Time,Max Response Time,Average Content Size,Requests/s,Failures/s,50%,66%,75%,80%,90%,95%,98%,99%,99.9%,99.99%,100%
POST,long-rag,13,0,13000,13161.597621614279,4303.545490001852,16600.996895998833,1299.6153846153845,0.17745750563341667,0.0,13000,15000,16000,16000,16000,17000,17000,17000,17000,17000,17000
POST,short,49,0,9100,8655.798301509818,2367.3896070031333,13517.564390000189,994.3469387755102,0.6688782904644167,0.0,9100,9600,9800,10000,11000,12000,14000,14000,14000,14000,14000
,Aggregated,62,0,9400,9600.562675080108,2367.3896070031333,16600.996895998833,1058.3548387096773,0.8463357960978334,0.0,9500,10000,11000,13000,14000,16000,16000,17000,17000,17000,17000
